File,MOS,STD,height,width,DisplayHeight,DisplayWidth,framerate,Bitrate,Content,resolution,DMOS
a91_1_832x360_30_250kbps_.mp4,41.508,2.486,360,832,952,2204,30,250kbps,a91_1,360p,63.382
a91_1_1108x480_30_250kbps_.mp4,39.661,2.486,480,1108,954,2204,30,250kbps,a91_1,480p,61.535
a91_1_1248x540_30_250kbps_.mp4,34.784,2.486,540,1248,952,2204,30,250kbps,a91_1,540p,56.658
a91_1_1664x720_30_250kbps_.mp4,29.104,2.486,720,1664,952,2204,30,250kbps,a91_1,720p,50.978
a91_1_832x360_30_2mbps_.mp4,66.033,2.486,360,832,952,2204,30,2mbps,a91_1,360p,87.907
a91_1_1108x480_30_2mbps_.mp4,74.789,2.486,480,1108,954,2204,30,2mbps,a91_1,480p,96.663
a91_1_1248x540_30_2mbps_.mp4,75.087,2.486,540,1248,952,2204,30,2mbps,a91_1,540p,96.961
a91_1_1664x720_30_2mbps_.mp4,75.3,2.486,720,1664,952,2204,30,2mbps,a91_1,720p,97.174
a91_1_832x360_30_500kbps_.mp4,58.287,2.486,360,832,952,2204,30,500kbps,a91_1,360p,80.161
a91_1_1108x480_30_500kbps_.mp4,58.596,2.486,480,1108,954,2204,30,500kbps,a91_1,480p,80.47
a91_1_1248x540_30_500kbps_.mp4,57.169,2.486,540,1248,952,2204,30,500kbps,a91_1,540p,79.043
a91_1_1664x720_30_500kbps_.mp4,46.842,2.486,720,1664,952,2204,30,500kbps,a91_1,720p,68.716
a91_1_832x360_30_800kbps_.mp4,63.251,2.486,360,832,952,2204,30,800kbps,a91_1,360p,85.125
a91_1_1108x480_30_800kbps_.mp4,68.241,2.486,480,1108,954,2204,30,800kbps,a91_1,480p,90.115
a91_1_1248x540_30_800kbps_.mp4,65.771,2.486,540,1248,952,2204,30,800kbps,a91_1,540p,87.645
a91_1_1664x720_30_800kbps_.mp4,65.853,2.486,720,1664,952,2204,30,800kbps,a91_1,720p,87.727
a91_1_832x360_30_pristine_.mp4,69.169,2.486,360,832,952,2204,30,pristine,a91_1,360p,91.043
a91_1_1108x480_30_pristine_.mp4,73.903,2.486,480,1108,954,2204,30,pristine,a91_1,480p,95.777
a91_1_1248x540_30_pristine_.mp4,77.01,2.486,540,1248,952,2204,30,pristine,a91_1,540p,98.884
a91_1_1664x720_30_pristine_.mp4,78.126,2.486,720,1664,952,2204,30,pristine,a91_1,720p,100.0
a91_2_832x360_30_250kbps_.mp4,10.197,2.373,360,832,952,2204,30,250kbps,a91_2,360p,21.938
a91_2_1108x480_30_250kbps_.mp4,17.478,2.373,480,1108,954,2204,30,250kbps,a91_2,480p,29.219
a91_2_1248x540_30_250kbps_.mp4,22.958,2.373,540,1248,952,2204,30,250kbps,a91_2,540p,34.699
a91_2_1664x720_30_250kbps_.mp4,27.346,2.373,720,1664,952,2204,30,250kbps,a91_2,720p,39.087
a91_2_832x360_30_2mbps_.mp4,64.372,2.373,360,832,952,2204,30,2mbps,a91_2,360p,76.113
a91_2_1108x480_30_2mbps_.mp4,67.319,2.373,480,1108,954,2204,30,2mbps,a91_2,480p,79.06
a91_2_1248x540_30_2mbps_.mp4,59.401,2.373,540,1248,952,2204,30,2mbps,a91_2,540p,71.142
a91_2_1664x720_30_2mbps_.mp4,54.658,2.373,720,1664,952,2204,30,2mbps,a91_2,720p,66.399
a91_2_832x360_30_500kbps_.mp4,21.954,2.373,360,832,952,2204,30,500kbps,a91_2,360p,33.695
a91_2_1108x480_30_500kbps_.mp4,17.701,2.373,480,1108,954,2204,30,500kbps,a91_2,480p,29.442
a91_2_1248x540_30_500kbps_.mp4,22.73,2.373,540,1248,952,2204,30,500kbps,a91_2,540p,34.471
a91_2_1664x720_30_500kbps_.mp4,26.323,2.373,720,1664,952,2204,30,500kbps,a91_2,720p,38.064
a91_2_832x360_30_800kbps_.mp4,37.952,2.373,360,832,952,2204,30,800kbps,a91_2,360p,49.693
a91_2_1108x480_30_800kbps_.mp4,32.038,2.373,480,1108,954,2204,30,800kbps,a91_2,480p,43.779
a91_2_1248x540_30_800kbps_.mp4,28.693,2.373,540,1248,952,2204,30,800kbps,a91_2,540p,40.434
a91_2_1664x720_30_800kbps_.mp4,28.436,2.373,720,1664,952,2204,30,800kbps,a91_2,720p,40.177
a91_2_832x360_30_pristine_.mp4,77.541,2.373,360,832,952,2204,30,pristine,a91_2,360p,89.282
a91_2_1108x480_30_pristine_.mp4,82.327,2.373,480,1108,954,2204,30,pristine,a91_2,480p,94.068
a91_2_1248x540_30_pristine_.mp4,85.474,2.373,540,1248,952,2204,30,pristine,a91_2,540p,97.215
a91_2_1664x720_30_pristine_.mp4,88.259,2.373,720,1664,952,2204,30,pristine,a91_2,720p,100.0
bejewelled_1_360x640_30_250kbps_.mp4,46.838,2.333,640,360,1920,1080,30,250kbps,bejewelled_1,360p,65.54
bejewelled_1_480x852_30_250kbps_.mp4,53.43,2.333,852,480,1916,1080,30,250kbps,bejewelled_1,480p,72.132
bejewelled_1_540x960_30_250kbps_.mp4,50.278,2.333,960,540,1920,1080,30,250kbps,bejewelled_1,540p,68.98
bejewelled_1_720x1280_30_250kbps_.mp4,47.026,2.333,1280,720,1920,1080,30,250kbps,bejewelled_1,720p,65.728
bejewelled_1_360x640_30_2mbps_.mp4,56.834,2.333,640,360,1920,1080,30,2mbps,bejewelled_1,360p,75.536
bejewelled_1_480x852_30_2mbps_.mp4,69.934,2.333,852,480,1916,1080,30,2mbps,bejewelled_1,480p,88.636
bejewelled_1_540x960_30_2mbps_.mp4,71.495,2.333,960,540,1920,1080,30,2mbps,bejewelled_1,540p,90.197
bejewelled_1_720x1280_30_2mbps_.mp4,77.156,2.333,1280,720,1920,1080,30,2mbps,bejewelled_1,720p,95.858
bejewelled_1_360x640_30_500kbps_.mp4,54.521,2.333,640,360,1920,1080,30,500kbps,bejewelled_1,360p,73.223
bejewelled_1_480x852_30_500kbps_.mp4,58.925,2.333,852,480,1916,1080,30,500kbps,bejewelled_1,480p,77.627
bejewelled_1_540x960_30_500kbps_.mp4,65.02,2.333,960,540,1920,1080,30,500kbps,bejewelled_1,540p,83.722
bejewelled_1_720x1280_30_500kbps_.mp4,61.307,2.333,1280,720,1920,1080,30,500kbps,bejewelled_1,720p,80.009
bejewelled_1_360x640_30_800kbps_.mp4,53.396,2.333,640,360,1920,1080,30,800kbps,bejewelled_1,360p,72.098
bejewelled_1_480x852_30_800kbps_.mp4,62.513,2.333,852,480,1916,1080,30,800kbps,bejewelled_1,480p,81.215
bejewelled_1_540x960_30_800kbps_.mp4,64.272,2.333,960,540,1920,1080,30,800kbps,bejewelled_1,540p,82.974
bejewelled_1_720x1280_30_800kbps_.mp4,67.817,2.333,1280,720,1920,1080,30,800kbps,bejewelled_1,720p,86.519
bejewelled_1_360x640_30_pristine_.mp4,60.534,2.333,640,360,1920,1080,30,pristine,bejewelled_1,360p,79.236
bejewelled_1_480x852_30_pristine_.mp4,69.941,2.333,852,480,1916,1080,30,pristine,bejewelled_1,480p,88.643
bejewelled_1_540x960_30_pristine_.mp4,73.161,2.333,960,540,1920,1080,30,pristine,bejewelled_1,540p,91.863
bejewelled_1_720x1280_30_pristine_.mp4,81.298,2.333,1280,720,1920,1080,30,pristine,bejewelled_1,720p,100.0
Bowlingclub_1_360x720_30_250kbps_.mp4,36.022,2.322,720,360,2160,1080,30,250kbps,Bowlingclub_1,360p,57.899
Bowlingclub_1_480x960_30_250kbps_.mp4,27.808,2.322,960,480,2160,1080,30,250kbps,Bowlingclub_1,480p,49.685
Bowlingclub_1_540x1080_30_250kbps_.mp4,28.019,2.322,1080,540,2160,1080,30,250kbps,Bowlingclub_1,540p,49.896
Bowlingclub_1_720x1440_30_250kbps_.mp4,29.018,2.322,1440,720,2160,1080,30,250kbps,Bowlingclub_1,720p,50.895
Bowlingclub_1_360x720_30_2mbps_.mp4,66.288,2.322,720,360,2160,1080,30,2mbps,Bowlingclub_1,360p,88.165
Bowlingclub_1_480x960_30_2mbps_.mp4,68.105,2.322,960,480,2160,1080,30,2mbps,Bowlingclub_1,480p,89.982
Bowlingclub_1_540x1080_30_2mbps_.mp4,75.026,2.322,1080,540,2160,1080,30,2mbps,Bowlingclub_1,540p,96.903
Bowlingclub_1_720x1440_30_2mbps_.mp4,78.194,2.322,1440,720,2160,1080,30,2mbps,Bowlingclub_1,720p,100.071
Bowlingclub_1_360x720_30_500kbps_.mp4,47.18,2.322,720,360,2160,1080,30,500kbps,Bowlingclub_1,360p,69.057
Bowlingclub_1_480x960_30_500kbps_.mp4,44.046,2.322,960,480,2160,1080,30,500kbps,Bowlingclub_1,480p,65.923
Bowlingclub_1_540x1080_30_500kbps_.mp4,40.757,2.322,1080,540,2160,1080,30,500kbps,Bowlingclub_1,540p,62.634
Bowlingclub_1_720x1440_30_500kbps_.mp4,42.548,2.322,1440,720,2160,1080,30,500kbps,Bowlingclub_1,720p,64.425
Bowlingclub_1_360x720_30_800kbps_.mp4,53.3,2.322,720,360,2160,1080,30,800kbps,Bowlingclub_1,360p,75.177
Bowlingclub_1_480x960_30_800kbps_.mp4,60.397,2.322,960,480,2160,1080,30,800kbps,Bowlingclub_1,480p,82.274
Bowlingclub_1_540x1080_30_800kbps_.mp4,62.283,2.322,1080,540,2160,1080,30,800kbps,Bowlingclub_1,540p,84.16
Bowlingclub_1_720x1440_30_800kbps_.mp4,54.708,2.322,1440,720,2160,1080,30,800kbps,Bowlingclub_1,720p,76.585
Bowlingclub_1_360x720_30_pristine_.mp4,62.095,2.322,720,360,2160,1080,30,pristine,Bowlingclub_1,360p,83.972
Bowlingclub_1_480x960_30_pristine_.mp4,74.441,2.322,960,480,2160,1080,30,pristine,Bowlingclub_1,480p,96.318
Bowlingclub_1_540x1080_30_pristine_.mp4,72.432,2.322,1080,540,2160,1080,30,pristine,Bowlingclub_1,540p,94.309
Bowlingclub_1_720x1440_30_pristine_.mp4,78.123,2.322,1440,720,2160,1080,30,pristine,Bowlingclub_1,720p,100.0
Bowlingclub_2_360x720_30_250kbps_.mp4,29.546,2.667,720,360,2160,1080,30,250kbps,Bowlingclub_2,360p,48.483
Bowlingclub_2_480x960_30_250kbps_.mp4,24.566,2.667,960,480,2160,1080,30,250kbps,Bowlingclub_2,480p,43.503
Bowlingclub_2_540x1080_30_250kbps_.mp4,21.586,2.667,1080,540,2160,1080,30,250kbps,Bowlingclub_2,540p,40.523
Bowlingclub_2_720x1440_30_250kbps_.mp4,21.759,2.667,1440,720,2160,1080,30,250kbps,Bowlingclub_2,720p,40.696
Bowlingclub_2_360x720_30_2mbps_.mp4,59.241,2.667,720,360,2160,1080,30,2mbps,Bowlingclub_2,360p,78.178
Bowlingclub_2_480x960_30_2mbps_.mp4,72.261,2.667,960,480,2160,1080,30,2mbps,Bowlingclub_2,480p,91.198
Bowlingclub_2_540x1080_30_2mbps_.mp4,73.547,2.667,1080,540,2160,1080,30,2mbps,Bowlingclub_2,540p,92.484
Bowlingclub_2_720x1440_30_2mbps_.mp4,81.681,2.667,1440,720,2160,1080,30,2mbps,Bowlingclub_2,720p,100.618
Bowlingclub_2_360x720_30_500kbps_.mp4,47.028,2.667,720,360,2160,1080,30,500kbps,Bowlingclub_2,360p,65.965
Bowlingclub_2_480x960_30_500kbps_.mp4,45.772,2.667,960,480,2160,1080,30,500kbps,Bowlingclub_2,480p,64.709
Bowlingclub_2_540x1080_30_500kbps_.mp4,44.128,2.667,1080,540,2160,1080,30,500kbps,Bowlingclub_2,540p,63.065
Bowlingclub_2_720x1440_30_500kbps_.mp4,40.36,2.667,1440,720,2160,1080,30,500kbps,Bowlingclub_2,720p,59.297
Bowlingclub_2_360x720_30_800kbps_.mp4,63.157,2.667,720,360,2160,1080,30,800kbps,Bowlingclub_2,360p,82.094
Bowlingclub_2_480x960_30_800kbps_.mp4,62.837,2.667,960,480,2160,1080,30,800kbps,Bowlingclub_2,480p,81.774
Bowlingclub_2_540x1080_30_800kbps_.mp4,61.919,2.667,1080,540,2160,1080,30,800kbps,Bowlingclub_2,540p,80.856
Bowlingclub_2_720x1440_30_800kbps_.mp4,57.186,2.667,1440,720,2160,1080,30,800kbps,Bowlingclub_2,720p,76.123
Bowlingclub_2_360x720_30_pristine_.mp4,64.273,2.667,720,360,2160,1080,30,pristine,Bowlingclub_2,360p,83.21
Bowlingclub_2_480x960_30_pristine_.mp4,76.356,2.667,960,480,2160,1080,30,pristine,Bowlingclub_2,480p,95.293
Bowlingclub_2_540x1080_30_pristine_.mp4,78.987,2.667,1080,540,2160,1080,30,pristine,Bowlingclub_2,540p,97.924
Bowlingclub_2_720x1440_30_pristine_.mp4,81.063,2.667,1440,720,2160,1080,30,pristine,Bowlingclub_2,720p,100.0
designisland_1_832x360_30_250kbps_.mp4,42.443,2.112,360,832,952,2204,30,250kbps,designisland_1,360p,63.364
designisland_1_1108x480_30_250kbps_.mp4,33.968,2.112,480,1108,954,2204,30,250kbps,designisland_1,480p,54.889
designisland_1_1248x540_30_250kbps_.mp4,34.878,2.112,540,1248,952,2204,30,250kbps,designisland_1,540p,55.799
designisland_1_1664x720_30_250kbps_.mp4,25.828,2.112,720,1664,952,2204,30,250kbps,designisland_1,720p,46.749
designisland_1_832x360_30_2mbps_.mp4,70.786,2.112,360,832,952,2204,30,2mbps,designisland_1,360p,91.707
designisland_1_1108x480_30_2mbps_.mp4,72.24,2.112,480,1108,954,2204,30,2mbps,designisland_1,480p,93.161
designisland_1_1248x540_30_2mbps_.mp4,73.627,2.112,540,1248,952,2204,30,2mbps,designisland_1,540p,94.548
designisland_1_1664x720_30_2mbps_.mp4,76.216,2.112,720,1664,952,2204,30,2mbps,designisland_1,720p,97.137
designisland_1_832x360_30_500kbps_.mp4,56.916,2.112,360,832,952,2204,30,500kbps,designisland_1,360p,77.837
designisland_1_1108x480_30_500kbps_.mp4,58.925,2.112,480,1108,954,2204,30,500kbps,designisland_1,480p,79.846
designisland_1_1248x540_30_500kbps_.mp4,56.446,2.112,540,1248,952,2204,30,500kbps,designisland_1,540p,77.367
designisland_1_1664x720_30_500kbps_.mp4,44.548,2.112,720,1664,952,2204,30,500kbps,designisland_1,720p,65.469
designisland_1_832x360_30_800kbps_.mp4,65.362,2.112,360,832,952,2204,30,800kbps,designisland_1,360p,86.283
designisland_1_1108x480_30_800kbps_.mp4,68.03,2.112,480,1108,954,2204,30,800kbps,designisland_1,480p,88.951
designisland_1_1248x540_30_800kbps_.mp4,66.524,2.112,540,1248,952,2204,30,800kbps,designisland_1,540p,87.445
designisland_1_1664x720_30_800kbps_.mp4,66.404,2.112,720,1664,952,2204,30,800kbps,designisland_1,720p,87.325
designisland_1_832x360_30_pristine_.mp4,70.178,2.112,360,832,952,2204,30,pristine,designisland_1,360p,91.099
designisland_1_1108x480_30_pristine_.mp4,74.815,2.112,480,1108,954,2204,30,pristine,designisland_1,480p,95.736
designisland_1_1248x540_30_pristine_.mp4,75.708,2.112,540,1248,952,2204,30,pristine,designisland_1,540p,96.629
designisland_1_1664x720_30_pristine_.mp4,79.079,2.112,720,1664,952,2204,30,pristine,designisland_1,720p,100.0
designisland_2_832x360_30_250kbps_.mp4,37.334,2.426,360,832,952,2204,30,250kbps,designisland_2,360p,59.266
designisland_2_1108x480_30_250kbps_.mp4,26.296,2.426,480,1108,954,2204,30,250kbps,designisland_2,480p,48.228
designisland_2_1248x540_30_250kbps_.mp4,23.306,2.426,540,1248,952,2204,30,250kbps,designisland_2,540p,45.238
designisland_2_1664x720_30_250kbps_.mp4,19.5,2.426,720,1664,952,2204,30,250kbps,designisland_2,720p,41.432
designisland_2_832x360_30_2mbps_.mp4,67.844,2.426,360,832,952,2204,30,2mbps,designisland_2,360p,89.776
designisland_2_1108x480_30_2mbps_.mp4,72.89,2.426,480,1108,954,2204,30,2mbps,designisland_2,480p,94.822
designisland_2_1248x540_30_2mbps_.mp4,75.184,2.426,540,1248,952,2204,30,2mbps,designisland_2,540p,97.116
designisland_2_1664x720_30_2mbps_.mp4,74.846,2.426,720,1664,952,2204,30,2mbps,designisland_2,720p,96.778
designisland_2_832x360_30_500kbps_.mp4,55.38,2.426,360,832,952,2204,30,500kbps,designisland_2,360p,77.312
designisland_2_1108x480_30_500kbps_.mp4,51.119,2.426,480,1108,954,2204,30,500kbps,designisland_2,480p,73.051
designisland_2_1248x540_30_500kbps_.mp4,45.114,2.426,540,1248,952,2204,30,500kbps,designisland_2,540p,67.046
designisland_2_1664x720_30_500kbps_.mp4,42.576,2.426,720,1664,952,2204,30,500kbps,designisland_2,720p,64.508
designisland_2_832x360_30_800kbps_.mp4,65.014,2.426,360,832,952,2204,30,800kbps,designisland_2,360p,86.946
designisland_2_1108x480_30_800kbps_.mp4,60.987,2.426,480,1108,954,2204,30,800kbps,designisland_2,480p,82.919
designisland_2_1248x540_30_800kbps_.mp4,62.727,2.426,540,1248,952,2204,30,800kbps,designisland_2,540p,84.659
designisland_2_1664x720_30_800kbps_.mp4,50.944,2.426,720,1664,952,2204,30,800kbps,designisland_2,720p,72.876
designisland_2_832x360_30_pristine_.mp4,70.956,2.426,360,832,952,2204,30,pristine,designisland_2,360p,92.888
designisland_2_1108x480_30_pristine_.mp4,74.518,2.426,480,1108,954,2204,30,pristine,designisland_2,480p,96.45
designisland_2_1248x540_30_pristine_.mp4,74.308,2.426,540,1248,952,2204,30,pristine,designisland_2,540p,96.24
designisland_2_1664x720_30_pristine_.mp4,78.068,2.426,720,1664,952,2204,30,pristine,designisland_2,720p,100.0
dirtbike_1_360x720_30_250kbps_.mp4,23.438,2.591,720,360,2160,1080,30,250kbps,dirtbike_1,360p,43.207
dirtbike_1_480x960_30_250kbps_.mp4,23.673,2.591,960,480,2160,1080,30,250kbps,dirtbike_1,480p,43.442
dirtbike_1_540x1080_30_250kbps_.mp4,18.752,2.591,1080,540,2160,1080,30,250kbps,dirtbike_1,540p,38.521
dirtbike_1_720x1440_30_250kbps_.mp4,18.909,2.591,1440,720,2160,1080,30,250kbps,dirtbike_1,720p,38.678
dirtbike_1_360x720_30_2mbps_.mp4,64.703,2.591,720,360,2160,1080,30,2mbps,dirtbike_1,360p,84.472
dirtbike_1_480x960_30_2mbps_.mp4,67.655,2.591,960,480,2160,1080,30,2mbps,dirtbike_1,480p,87.424
dirtbike_1_540x1080_30_2mbps_.mp4,65.467,2.591,1080,540,2160,1080,30,2mbps,dirtbike_1,540p,85.236
dirtbike_1_720x1440_30_2mbps_.mp4,65.172,2.591,1440,720,2160,1080,30,2mbps,dirtbike_1,720p,84.941
dirtbike_1_360x720_30_500kbps_.mp4,39.144,2.591,720,360,2160,1080,30,500kbps,dirtbike_1,360p,58.913
dirtbike_1_480x960_30_500kbps_.mp4,38.427,2.591,960,480,2160,1080,30,500kbps,dirtbike_1,480p,58.196
dirtbike_1_540x1080_30_500kbps_.mp4,36.032,2.591,1080,540,2160,1080,30,500kbps,dirtbike_1,540p,55.801
dirtbike_1_720x1440_30_500kbps_.mp4,34.908,2.591,1440,720,2160,1080,30,500kbps,dirtbike_1,720p,54.677
dirtbike_1_360x720_30_800kbps_.mp4,48.756,2.591,720,360,2160,1080,30,800kbps,dirtbike_1,360p,68.525
dirtbike_1_480x960_30_800kbps_.mp4,49.425,2.591,960,480,2160,1080,30,800kbps,dirtbike_1,480p,69.194
dirtbike_1_540x1080_30_800kbps_.mp4,47.501,2.591,1080,540,2160,1080,30,800kbps,dirtbike_1,540p,67.27
dirtbike_1_720x1440_30_800kbps_.mp4,40.392,2.591,1440,720,2160,1080,30,800kbps,dirtbike_1,720p,60.161
dirtbike_1_360x720_30_pristine_.mp4,62.81,2.591,720,360,2160,1080,30,pristine,dirtbike_1,360p,82.579
dirtbike_1_480x960_30_pristine_.mp4,74.272,2.591,960,480,2160,1080,30,pristine,dirtbike_1,480p,94.041
dirtbike_1_540x1080_30_pristine_.mp4,79.26,2.591,1080,540,2160,1080,30,pristine,dirtbike_1,540p,99.029
dirtbike_1_720x1440_30_pristine_.mp4,80.231,2.591,1440,720,2160,1080,30,pristine,dirtbike_1,720p,100.0
dirtbike_2_360x720_30_250kbps_.mp4,19.826,2.149,720,360,2160,1080,30,250kbps,dirtbike_2,360p,39.544
dirtbike_2_480x960_30_250kbps_.mp4,11.986,2.149,960,480,2160,1080,30,250kbps,dirtbike_2,480p,31.704
dirtbike_2_540x1080_30_250kbps_.mp4,8.588,2.149,1080,540,2160,1080,30,250kbps,dirtbike_2,540p,28.306
dirtbike_2_720x1440_30_250kbps_.mp4,16.744,2.149,1440,720,2160,1080,30,250kbps,dirtbike_2,720p,36.462
dirtbike_2_360x720_30_2mbps_.mp4,62.942,2.149,720,360,2160,1080,30,2mbps,dirtbike_2,360p,82.66
dirtbike_2_480x960_30_2mbps_.mp4,69.593,2.149,960,480,2160,1080,30,2mbps,dirtbike_2,480p,89.311
dirtbike_2_540x1080_30_2mbps_.mp4,64.153,2.149,1080,540,2160,1080,30,2mbps,dirtbike_2,540p,83.871
dirtbike_2_720x1440_30_2mbps_.mp4,62.79,2.149,1440,720,2160,1080,30,2mbps,dirtbike_2,720p,82.508
dirtbike_2_360x720_30_500kbps_.mp4,45.335,2.149,720,360,2160,1080,30,500kbps,dirtbike_2,360p,65.053
dirtbike_2_480x960_30_500kbps_.mp4,34.322,2.149,960,480,2160,1080,30,500kbps,dirtbike_2,480p,54.04
dirtbike_2_540x1080_30_500kbps_.mp4,31.262,2.149,1080,540,2160,1080,30,500kbps,dirtbike_2,540p,50.98
dirtbike_2_720x1440_30_500kbps_.mp4,22.971,2.149,1440,720,2160,1080,30,500kbps,dirtbike_2,720p,42.689
dirtbike_2_360x720_30_800kbps_.mp4,53.573,2.149,720,360,2160,1080,30,800kbps,dirtbike_2,360p,73.291
dirtbike_2_480x960_30_800kbps_.mp4,47.118,2.149,960,480,2160,1080,30,800kbps,dirtbike_2,480p,66.836
dirtbike_2_540x1080_30_800kbps_.mp4,44.497,2.149,1080,540,2160,1080,30,800kbps,dirtbike_2,540p,64.215
dirtbike_2_720x1440_30_800kbps_.mp4,37.51,2.149,1440,720,2160,1080,30,800kbps,dirtbike_2,720p,57.228
dirtbike_2_360x720_30_pristine_.mp4,70.004,2.149,720,360,2160,1080,30,pristine,dirtbike_2,360p,89.722
dirtbike_2_480x960_30_pristine_.mp4,79.929,2.149,960,480,2160,1080,30,pristine,dirtbike_2,480p,99.647
dirtbike_2_540x1080_30_pristine_.mp4,82.492,2.149,1080,540,2160,1080,30,pristine,dirtbike_2,540p,102.21
dirtbike_2_720x1440_30_pristine_.mp4,80.282,2.149,1440,720,2160,1080,30,pristine,dirtbike_2,720p,100.0
dirtbike_3_360x720_30_250kbps_.mp4,20.197,2.824,720,360,2160,1080,30,250kbps,dirtbike_2,360p,36.589
dirtbike_3_480x960_30_250kbps_.mp4,19.009,2.824,960,480,2160,1080,30,250kbps,dirtbike_2,480p,35.401
dirtbike_3_540x1080_30_250kbps_.mp4,22.533,2.824,1080,540,2160,1080,30,250kbps,dirtbike_2,540p,38.925
dirtbike_3_720x1440_30_250kbps_.mp4,24.236,2.824,1440,720,2160,1080,30,250kbps,dirtbike_2,720p,40.628
dirtbike_3_360x720_30_2mbps_.mp4,64.727,2.824,720,360,2160,1080,30,2mbps,dirtbike_3,360p,81.119
dirtbike_3_480x960_30_2mbps_.mp4,65.375,2.824,960,480,2160,1080,30,2mbps,dirtbike_3,480p,81.767
dirtbike_3_540x1080_30_2mbps_.mp4,74.37,2.824,1080,540,2160,1080,30,2mbps,dirtbike_3,540p,90.762
dirtbike_3_720x1440_30_2mbps_.mp4,74.503,2.824,1440,720,2160,1080,30,2mbps,dirtbike_3,720p,90.895
dirtbike_3_360x720_30_500kbps_.mp4,35.885,2.824,720,360,2160,1080,30,500kbps,dirtbike_3,360p,52.277
dirtbike_3_480x960_30_500kbps_.mp4,32.367,2.824,960,480,2160,1080,30,500kbps,dirtbike_3,480p,48.759
dirtbike_3_540x1080_30_500kbps_.mp4,33.389,2.824,1080,540,2160,1080,30,500kbps,dirtbike_3,540p,49.781
dirtbike_3_720x1440_30_500kbps_.mp4,34.823,2.824,1440,720,2160,1080,30,500kbps,dirtbike_3,720p,51.215
dirtbike_3_360x720_30_800kbps_.mp4,53.23,2.824,720,360,2160,1080,30,800kbps,dirtbike_3,360p,69.622
dirtbike_3_480x960_30_800kbps_.mp4,52.828,2.824,960,480,2160,1080,30,800kbps,dirtbike_3,480p,69.22
dirtbike_3_540x1080_30_800kbps_.mp4,46.806,2.824,1080,540,2160,1080,30,800kbps,dirtbike_3,540p,63.198
dirtbike_3_720x1440_30_800kbps_.mp4,42.982,2.824,1440,720,2160,1080,30,800kbps,dirtbike_3,720p,59.374
dirtbike_3_360x720_30_pristine_.mp4,66.912,2.824,720,360,2160,1080,30,pristine,dirtbike_3,360p,83.304
dirtbike_3_480x960_30_pristine_.mp4,73.798,2.824,960,480,2160,1080,30,pristine,dirtbike_3,480p,90.19
dirtbike_3_540x1080_30_pristine_.mp4,79.029,2.824,1080,540,2160,1080,30,pristine,dirtbike_3,540p,95.421
dirtbike_3_720x1440_30_pristine_.mp4,83.608,2.824,1440,720,2160,1080,30,pristine,dirtbike_3,720p,100.0
dml_1_720x360_30_250kbps_.mp4,22.773,2.377,360,720,1036,2072,30,250kbps,dml_1,360p,46.858
dml_1_960x480_30_250kbps_.mp4,24.277,2.377,480,960,1036,2072,30,250kbps,dml_1,480p,48.362
dml_1_1080x540_30_250kbps_.mp4,22.882,2.377,540,1080,1036,2072,30,250kbps,dml_1,540p,46.967
dml_1_1440x720_30_250kbps_.mp4,20.774,2.377,720,1440,1036,2072,30,250kbps,dml_1,720p,44.859
dml_1_720x360_30_2mbps_.mp4,65.606,2.377,360,720,1036,2072,30,2mbps,dml_1,360p,89.691
dml_1_960x480_30_2mbps_.mp4,69.949,2.377,480,960,1036,2072,30,2mbps,dml_1,480p,94.034
dml_1_1080x540_30_2mbps_.mp4,68.144,2.377,540,1080,1036,2072,30,2mbps,dml_1,540p,92.229
dml_1_1440x720_30_2mbps_.mp4,69.87,2.377,720,1440,1036,2072,30,2mbps,dml_1,720p,93.955
dml_1_720x360_30_500kbps_.mp4,43.471,2.377,360,720,1036,2072,30,500kbps,dml_1,360p,67.556
dml_1_960x480_30_500kbps_.mp4,42.342,2.377,480,960,1036,2072,30,500kbps,dml_1,480p,66.427
dml_1_1080x540_30_500kbps_.mp4,43.057,2.377,540,1080,1036,2072,30,500kbps,dml_1,540p,67.142
dml_1_1440x720_30_500kbps_.mp4,38.204,2.377,720,1440,1036,2072,30,500kbps,dml_1,720p,62.289
dml_1_720x360_30_800kbps_.mp4,57.854,2.377,360,720,1036,2072,30,800kbps,dml_1,360p,81.939
dml_1_960x480_30_800kbps_.mp4,54.201,2.377,480,960,1036,2072,30,800kbps,dml_1,480p,78.286
dml_1_1080x540_30_800kbps_.mp4,55.022,2.377,540,1080,1036,2072,30,800kbps,dml_1,540p,79.107
dml_1_1440x720_30_800kbps_.mp4,46.881,2.377,720,1440,1036,2072,30,800kbps,dml_1,720p,70.966
dml_1_720x360_30_pristine_.mp4,63.903,2.377,360,720,1036,2072,30,pristine,dml_1,360p,87.988
dml_1_960x480_30_pristine_.mp4,79.025,2.377,480,960,1036,2072,30,pristine,dml_1,480p,103.11
dml_1_1080x540_30_pristine_.mp4,72.144,2.377,540,1080,1036,2072,30,pristine,dml_1,540p,96.229
dml_1_1440x720_30_pristine_.mp4,75.915,2.377,720,1440,1036,2072,30,pristine,dml_1,720p,100.0
dml_2_720x360_30_250kbps_.mp4,26.318,2.346,360,720,1036,2072,30,250kbps,dml_2,360p,46.103
dml_2_960x480_30_250kbps_.mp4,19.198,2.346,480,960,1036,2072,30,250kbps,dml_2,480p,38.983
dml_2_1080x540_30_250kbps_.mp4,19.809,2.346,540,1080,1036,2072,30,250kbps,dml_2,540p,39.594
dml_2_1440x720_30_250kbps_.mp4,19.024,2.346,720,1440,1036,2072,30,250kbps,dml_2,720p,38.809
dml_2_720x360_30_2mbps_.mp4,63.582,2.346,360,720,1036,2072,30,2mbps,dml_2,360p,83.367
dml_2_960x480_30_2mbps_.mp4,70.457,2.346,480,960,1036,2072,30,2mbps,dml_2,480p,90.242
dml_2_1080x540_30_2mbps_.mp4,71.859,2.346,540,1080,1036,2072,30,2mbps,dml_2,540p,91.644
dml_2_1440x720_30_2mbps_.mp4,76.974,2.346,720,1440,1036,2072,30,2mbps,dml_2,720p,96.759
dml_2_720x360_30_500kbps_.mp4,52.235,2.346,360,720,1036,2072,30,500kbps,dml_2,360p,72.02
dml_2_960x480_30_500kbps_.mp4,48.707,2.346,480,960,1036,2072,30,500kbps,dml_2,480p,68.492
dml_2_1080x540_30_500kbps_.mp4,42.976,2.346,540,1080,1036,2072,30,500kbps,dml_2,540p,62.761
dml_2_1440x720_30_500kbps_.mp4,30.955,2.346,720,1440,1036,2072,30,500kbps,dml_2,720p,50.74
dml_2_720x360_30_800kbps_.mp4,56.527,2.346,360,720,1036,2072,30,800kbps,dml_2,360p,76.312
dml_2_960x480_30_800kbps_.mp4,59.554,2.346,480,960,1036,2072,30,800kbps,dml_2,480p,79.339
dml_2_1080x540_30_800kbps_.mp4,60.137,2.346,540,1080,1036,2072,30,800kbps,dml_2,540p,79.922
dml_2_1440x720_30_800kbps_.mp4,53.345,2.346,720,1440,1036,2072,30,800kbps,dml_2,720p,73.13
dml_2_720x360_30_pristine_.mp4,69.111,2.346,360,720,1036,2072,30,pristine,dml_2,360p,88.896
dml_2_960x480_30_pristine_.mp4,70.29,2.346,480,960,1036,2072,30,pristine,dml_2,480p,90.075
dml_2_1080x540_30_pristine_.mp4,72.277,2.346,540,1080,1036,2072,30,pristine,dml_2,540p,92.062
dml_2_1440x720_30_pristine_.mp4,80.215,2.346,720,1440,1036,2072,30,pristine,dml_2,720p,100.0
hungrydragon_1_756x360_30_250kbps_.mp4,12.444,2.294,360,756,1036,2174,30,250kbps,hungrydragon_1,360p,31.386
hungrydragon_1_1008x480_30_250kbps_.mp4,12.348,2.294,480,1008,1036,2174,30,250kbps,hungrydragon_1,480p,31.29
hungrydragon_1_1134x540_30_250kbps_.mp4,12.48,2.294,540,1134,1036,2174,30,250kbps,hungrydragon_1,540p,31.422
hungrydragon_1_1512x720_30_250kbps_.mp4,15.624,2.294,720,1512,1036,2174,30,250kbps,hungrydragon_1,720p,34.566
hungrydragon_1_756x360_30_2mbps_.mp4,73.256,2.294,360,756,1036,2174,30,2mbps,hungrydragon_1,360p,92.198
hungrydragon_1_1008x480_30_2mbps_.mp4,74.191,2.294,480,1008,1036,2174,30,2mbps,hungrydragon_1,480p,93.133
hungrydragon_1_1134x540_30_2mbps_.mp4,76.96,2.294,540,1134,1036,2174,30,2mbps,hungrydragon_1,540p,95.902
hungrydragon_1_1512x720_30_2mbps_.mp4,73.964,2.294,720,1512,1036,2174,30,2mbps,hungrydragon_1,720p,92.906
hungrydragon_1_756x360_30_500kbps_.mp4,43.148,2.294,360,756,1036,2174,30,500kbps,hungrydragon_1,360p,62.09
hungrydragon_1_1008x480_30_500kbps_.mp4,26.403,2.294,480,1008,1036,2174,30,500kbps,hungrydragon_1,480p,45.345
hungrydragon_1_1134x540_30_500kbps_.mp4,25.244,2.294,540,1134,1036,2174,30,500kbps,hungrydragon_1,540p,44.186
hungrydragon_1_1512x720_30_500kbps_.mp4,22.659,2.294,720,1512,1036,2174,30,500kbps,hungrydragon_1,720p,41.601
hungrydragon_1_756x360_30_800kbps_.mp4,57.241,2.294,360,756,1036,2174,30,800kbps,hungrydragon_1,360p,76.183
hungrydragon_1_1008x480_30_800kbps_.mp4,50.332,2.294,480,1008,1036,2174,30,800kbps,hungrydragon_1,480p,69.274
hungrydragon_1_1134x540_30_800kbps_.mp4,45.809,2.294,540,1134,1036,2174,30,800kbps,hungrydragon_1,540p,64.751
hungrydragon_1_1512x720_30_800kbps_.mp4,31.344,2.294,720,1512,1036,2174,30,800kbps,hungrydragon_1,720p,50.286
hungrydragon_1_756x360_30_pristine_.mp4,73.444,2.294,360,756,1036,2174,30,pristine,hungrydragon_1,360p,92.386
hungrydragon_1_1008x480_30_pristine_.mp4,81.3,2.294,480,1008,1036,2174,30,pristine,hungrydragon_1,480p,100.242
hungrydragon_1_1134x540_30_pristine_.mp4,80.579,2.294,540,1134,1036,2174,30,pristine,hungrydragon_1,540p,99.521
hungrydragon_1_1512x720_30_pristine_.mp4,81.058,2.294,720,1512,1036,2174,30,pristine,hungrydragon_1,720p,100.0
mla_1_720x360_30_250kbps_.mp4,24.14,2.32,360,720,1036,2072,30,250kbps,mla_1,360p,36.555
mla_1_960x480_30_250kbps_.mp4,23.882,2.32,480,960,1036,2072,30,250kbps,mla_1,480p,36.297
mla_1_1080x540_30_250kbps_.mp4,22.22,2.32,540,1080,1036,2072,30,250kbps,mla_1,540p,34.635
mla_1_1440x720_30_250kbps_.mp4,16.447,2.32,720,1440,1036,2072,30,250kbps,mla_1,720p,28.862
mla_1_720x360_30_2mbps_.mp4,65.634,2.32,360,720,1036,2072,30,2mbps,mla_1,360p,78.049
mla_1_960x480_30_2mbps_.mp4,66.657,2.32,480,960,1036,2072,30,2mbps,mla_1,480p,79.072
mla_1_1080x540_30_2mbps_.mp4,74.385,2.32,540,1080,1036,2072,30,2mbps,mla_1,540p,86.8
mla_1_1440x720_30_2mbps_.mp4,71.521,2.32,720,1440,1036,2072,30,2mbps,mla_1,720p,83.936
mla_1_720x360_30_500kbps_.mp4,40.851,2.32,360,720,1036,2072,30,500kbps,mla_1,360p,53.266
mla_1_960x480_30_500kbps_.mp4,40.832,2.32,480,960,1036,2072,30,500kbps,mla_1,480p,53.247
mla_1_1080x540_30_500kbps_.mp4,38.971,2.32,540,1080,1036,2072,30,500kbps,mla_1,540p,51.386
mla_1_1440x720_30_500kbps_.mp4,33.249,2.32,720,1440,1036,2072,30,500kbps,mla_1,720p,45.664
mla_1_720x360_30_800kbps_.mp4,51.598,2.32,360,720,1036,2072,30,800kbps,mla_1,360p,64.013
mla_1_960x480_30_800kbps_.mp4,60.014,2.32,480,960,1036,2072,30,800kbps,mla_1,480p,72.429
mla_1_1080x540_30_800kbps_.mp4,51.5,2.32,540,1080,1036,2072,30,800kbps,mla_1,540p,63.915
mla_1_1440x720_30_800kbps_.mp4,48.389,2.32,720,1440,1036,2072,30,800kbps,mla_1,720p,60.804
mla_1_720x360_30_pristine_.mp4,69.692,2.32,360,720,1036,2072,30,pristine,mla_1,360p,82.107
mla_1_960x480_30_pristine_.mp4,79.832,2.32,480,960,1036,2072,30,pristine,mla_1,480p,92.247
mla_1_1080x540_30_pristine_.mp4,84.488,2.32,540,1080,1036,2072,30,pristine,mla_1,540p,96.903
mla_1_1440x720_30_pristine_.mp4,87.585,2.32,720,1440,1036,2072,30,pristine,mla_1,720p,100.0
mv2_1_360x640_30_250kbps_.mp4,46.405,2.439,640,360,1920,1080,30,250kbps,mv2_1,360p,66.266
mv2_1_480x852_30_250kbps_.mp4,45.414,2.439,852,480,1916,1080,30,250kbps,mv2_1,480p,65.275
mv2_1_540x960_30_250kbps_.mp4,46.685,2.439,960,540,1920,1080,30,250kbps,mv2_1,540p,66.546
mv2_1_720x1280_30_250kbps_.mp4,31.507,2.439,1280,720,1920,1080,30,250kbps,mv2_1,720p,51.368
mv2_1_360x640_30_2mbps_.mp4,66.93,2.439,640,360,1920,1080,30,2mbps,mv2_1,360p,86.791
mv2_1_480x852_30_2mbps_.mp4,70.932,2.439,852,480,1916,1080,30,2mbps,mv2_1,480p,90.793
mv2_1_540x960_30_2mbps_.mp4,75.423,2.439,960,540,1920,1080,30,2mbps,mv2_1,540p,95.284
mv2_1_720x1280_30_2mbps_.mp4,79.047,2.439,1280,720,1920,1080,30,2mbps,mv2_1,720p,98.908
mv2_1_360x640_30_500kbps_.mp4,55.685,2.439,640,360,1920,1080,30,500kbps,mv2_1,360p,75.546
mv2_1_480x852_30_500kbps_.mp4,58.322,2.439,852,480,1916,1080,30,500kbps,mv2_1,480p,78.183
mv2_1_540x960_30_500kbps_.mp4,62.756,2.439,960,540,1920,1080,30,500kbps,mv2_1,540p,82.617
mv2_1_720x1280_30_500kbps_.mp4,60.18,2.439,1280,720,1920,1080,30,500kbps,mv2_1,720p,80.041
mv2_1_360x640_30_800kbps_.mp4,56.426,2.439,640,360,1920,1080,30,800kbps,mv2_1,360p,76.287
mv2_1_480x852_30_800kbps_.mp4,69.635,2.439,852,480,1916,1080,30,800kbps,mv2_1,480p,89.496
mv2_1_540x960_30_800kbps_.mp4,71.873,2.439,960,540,1920,1080,30,800kbps,mv2_1,540p,91.734
mv2_1_720x1280_30_800kbps_.mp4,71.706,2.439,1280,720,1920,1080,30,800kbps,mv2_1,720p,91.567
mv2_1_360x640_30_pristine_.mp4,70.109,2.439,640,360,1920,1080,30,pristine,mv2_1,360p,89.97
mv2_1_480x852_30_pristine_.mp4,76.017,2.439,852,480,1916,1080,30,pristine,mv2_1,480p,95.878
mv2_1_540x960_30_pristine_.mp4,76.215,2.439,960,540,1920,1080,30,pristine,mv2_1,540p,96.076
mv2_1_720x1280_30_pristine_.mp4,80.139,2.439,1280,720,1920,1080,30,pristine,mv2_1,720p,100.0
mv2_2_360x640_30_250kbps_.mp4,51.258,2.573,640,360,1920,1080,30,250kbps,mv2_2,360p,71.892
mv2_2_480x852_30_250kbps_.mp4,44.335,2.573,852,480,1916,1080,30,250kbps,mv2_2,480p,64.969
mv2_2_540x960_30_250kbps_.mp4,48.928,2.573,960,540,1920,1080,30,250kbps,mv2_2,540p,69.562
mv2_2_720x1280_30_250kbps_.mp4,31.272,2.573,1280,720,1920,1080,30,250kbps,mv2_2,720p,51.906
mv2_2_360x640_30_2mbps_.mp4,64.235,2.573,640,360,1920,1080,30,2mbps,mv2_2,360p,84.869
mv2_2_480x852_30_2mbps_.mp4,75.212,2.573,852,480,1916,1080,30,2mbps,mv2_2,480p,95.846
mv2_2_540x960_30_2mbps_.mp4,77.817,2.573,960,540,1920,1080,30,2mbps,mv2_2,540p,98.451
mv2_2_720x1280_30_2mbps_.mp4,78.407,2.573,1280,720,1920,1080,30,2mbps,mv2_2,720p,99.041
mv2_2_360x640_30_500kbps_.mp4,57.483,2.573,640,360,1920,1080,30,500kbps,mv2_2,360p,78.117
mv2_2_480x852_30_500kbps_.mp4,63.755,2.573,852,480,1916,1080,30,500kbps,mv2_2,480p,84.389
mv2_2_540x960_30_500kbps_.mp4,62.169,2.573,960,540,1920,1080,30,500kbps,mv2_2,540p,82.803
mv2_2_720x1280_30_500kbps_.mp4,56.504,2.573,1280,720,1920,1080,30,500kbps,mv2_2,720p,77.138
mv2_2_360x640_30_800kbps_.mp4,66.374,2.573,640,360,1920,1080,30,800kbps,mv2_2,360p,87.008
mv2_2_480x852_30_800kbps_.mp4,67.436,2.573,852,480,1916,1080,30,800kbps,mv2_2,480p,88.07
mv2_2_540x960_30_800kbps_.mp4,68.751,2.573,960,540,1920,1080,30,800kbps,mv2_2,540p,89.385
mv2_2_720x1280_30_800kbps_.mp4,67.868,2.573,1280,720,1920,1080,30,800kbps,mv2_2,720p,88.502
mv2_2_360x640_30_pristine_.mp4,65.203,2.573,640,360,1920,1080,30,pristine,mv2_2,360p,85.837
mv2_2_480x852_30_pristine_.mp4,70.908,2.573,852,480,1916,1080,30,pristine,mv2_2,480p,91.542
mv2_2_540x960_30_pristine_.mp4,74.097,2.573,960,540,1920,1080,30,pristine,mv2_2,540p,94.731
mv2_2_720x1280_30_pristine_.mp4,79.366,2.573,1280,720,1920,1080,30,pristine,mv2_2,720p,100.0
mysterymanor_1_864x360_30_250kbps_.mp4,22.76,2.362,360,864,918,2204,30,250kbps,mysterymanor_1,360p,43.224
mysterymanor_1_1152x480_30_250kbps_.mp4,21.606,2.362,480,1152,918,2204,30,250kbps,mysterymanor_1,480p,42.07
mysterymanor_1_1296x540_30_250kbps_.mp4,19.447,2.362,540,1296,918,2204,30,250kbps,mysterymanor_1,540p,39.911
mysterymanor_1_1728x720_30_250kbps_.mp4,24.651,2.362,720,1728,918,2204,30,250kbps,mysterymanor_1,720p,45.115
mysterymanor_1_864x360_30_2mbps_.mp4,66.68,2.362,360,864,918,2204,30,2mbps,mysterymanor_1,360p,87.144
mysterymanor_1_1152x480_30_2mbps_.mp4,65.533,2.362,480,1152,918,2204,30,2mbps,mysterymanor_1,480p,85.997
mysterymanor_1_1296x540_30_2mbps_.mp4,69.888,2.362,540,1296,918,2204,30,2mbps,mysterymanor_1,540p,90.352
mysterymanor_1_1728x720_30_2mbps_.mp4,63.919,2.362,720,1728,918,2204,30,2mbps,mysterymanor_1,720p,84.383
mysterymanor_1_864x360_30_500kbps_.mp4,41.793,2.362,360,864,918,2204,30,500kbps,mysterymanor_1,360p,62.257
mysterymanor_1_1152x480_30_500kbps_.mp4,37.924,2.362,480,1152,918,2204,30,500kbps,mysterymanor_1,480p,58.388
mysterymanor_1_1296x540_30_500kbps_.mp4,36.399,2.362,540,1296,918,2204,30,500kbps,mysterymanor_1,540p,56.863
mysterymanor_1_1728x720_30_500kbps_.mp4,34.522,2.362,720,1728,918,2204,30,500kbps,mysterymanor_1,720p,54.986
mysterymanor_1_864x360_30_800kbps_.mp4,52.685,2.362,360,864,918,2204,30,800kbps,mysterymanor_1,360p,73.149
mysterymanor_1_1152x480_30_800kbps_.mp4,54.867,2.362,480,1152,918,2204,30,800kbps,mysterymanor_1,480p,75.331
mysterymanor_1_1296x540_30_800kbps_.mp4,48.86,2.362,540,1296,918,2204,30,800kbps,mysterymanor_1,540p,69.324
mysterymanor_1_1728x720_30_800kbps_.mp4,42.623,2.362,720,1728,918,2204,30,800kbps,mysterymanor_1,720p,63.087
mysterymanor_1_864x360_30_pristine_.mp4,69.637,2.362,360,864,918,2204,30,pristine,mysterymanor_1,360p,90.101
mysterymanor_1_1152x480_30_pristine_.mp4,78.4,2.362,480,1152,918,2204,30,pristine,mysterymanor_1,480p,98.864
mysterymanor_1_1296x540_30_pristine_.mp4,80.039,2.362,540,1296,918,2204,30,pristine,mysterymanor_1,540p,100.503
mysterymanor_1_1728x720_30_pristine_.mp4,79.536,2.362,720,1728,918,2204,30,pristine,mysterymanor_1,720p,100.0
pga_1_360x640_30_250kbps_.mp4,33.948,2.407,640,360,1920,1080,30,250kbps,pga_1,360p,57.229
pga_1_480x852_30_250kbps_.mp4,31.756,2.407,852,480,1916,1080,30,250kbps,pga_1,480p,55.037
pga_1_540x960_30_250kbps_.mp4,27.986,2.407,960,540,1920,1080,30,250kbps,pga_1,540p,51.267
pga_1_720x1280_30_250kbps_.mp4,18.978,2.407,1280,720,1920,1080,30,250kbps,pga_1,720p,42.259
pga_1_360x640_30_2mbps_.mp4,63.895,2.407,640,360,1920,1080,30,2mbps,pga_1,360p,87.176
pga_1_480x852_30_2mbps_.mp4,69.612,2.407,852,480,1916,1080,30,2mbps,pga_1,480p,92.893
pga_1_540x960_30_2mbps_.mp4,69.959,2.407,960,540,1920,1080,30,2mbps,pga_1,540p,93.24
pga_1_720x1280_30_2mbps_.mp4,76.693,2.407,1280,720,1920,1080,30,2mbps,pga_1,720p,99.974
pga_1_360x640_30_500kbps_.mp4,54.929,2.407,640,360,1920,1080,30,500kbps,pga_1,360p,78.21
pga_1_480x852_30_500kbps_.mp4,51.494,2.407,852,480,1916,1080,30,500kbps,pga_1,480p,74.775
pga_1_540x960_30_500kbps_.mp4,50.717,2.407,960,540,1920,1080,30,500kbps,pga_1,540p,73.998
pga_1_720x1280_30_500kbps_.mp4,39.123,2.407,1280,720,1920,1080,30,500kbps,pga_1,720p,62.404
pga_1_360x640_30_800kbps_.mp4,56.66,2.407,640,360,1920,1080,30,800kbps,pga_1,360p,79.941
pga_1_480x852_30_800kbps_.mp4,59.504,2.407,852,480,1916,1080,30,800kbps,pga_1,480p,82.785
pga_1_540x960_30_800kbps_.mp4,61.737,2.407,960,540,1920,1080,30,800kbps,pga_1,540p,85.018
pga_1_720x1280_30_800kbps_.mp4,59.43,2.407,1280,720,1920,1080,30,800kbps,pga_1,720p,82.711
pga_1_360x640_30_pristine_.mp4,66.477,2.407,640,360,1920,1080,30,pristine,pga_1,360p,89.758
pga_1_480x852_30_pristine_.mp4,76.003,2.407,852,480,1916,1080,30,pristine,pga_1,480p,99.284
pga_1_540x960_30_pristine_.mp4,75.156,2.407,960,540,1920,1080,30,pristine,pga_1,540p,98.437
pga_1_720x1280_30_pristine_.mp4,76.719,2.407,1280,720,1920,1080,30,pristine,pga_1,720p,100.0
PGA2_1_360x720_30_250kbps_.mp4,20.176,2.833,720,360,2160,1080,30,250kbps,PGA2_1,360p,43.16
PGA2_1_480x960_30_250kbps_.mp4,26.465,2.833,960,480,2160,1080,30,250kbps,PGA2_1,480p,49.449
PGA2_1_540x1080_30_250kbps_.mp4,19.914,2.833,1080,540,2160,1080,30,250kbps,PGA2_1,540p,42.898
PGA2_1_720x1440_30_250kbps_.mp4,26.476,2.833,1440,720,2160,1080,30,250kbps,PGA2_1,720p,49.46
PGA2_1_360x720_30_2mbps_.mp4,63.705,2.833,720,360,2160,1080,30,2mbps,PGA2_1,360p,86.689
PGA2_1_480x960_30_2mbps_.mp4,67.924,2.833,960,480,2160,1080,30,2mbps,PGA2_1,480p,90.908
PGA2_1_540x1080_30_2mbps_.mp4,69.096,2.833,1080,540,2160,1080,30,2mbps,PGA2_1,540p,92.08
PGA2_1_720x1440_30_2mbps_.mp4,67.533,2.833,1440,720,2160,1080,30,2mbps,PGA2_1,720p,90.517
PGA2_1_360x720_30_500kbps_.mp4,36.403,2.833,720,360,2160,1080,30,500kbps,PGA2_1,360p,59.387
PGA2_1_480x960_30_500kbps_.mp4,37.989,2.833,960,480,2160,1080,30,500kbps,PGA2_1,480p,60.973
PGA2_1_540x1080_30_500kbps_.mp4,33.362,2.833,1080,540,2160,1080,30,500kbps,PGA2_1,540p,56.346
PGA2_1_720x1440_30_500kbps_.mp4,35.074,2.833,1440,720,2160,1080,30,500kbps,PGA2_1,720p,58.058
PGA2_1_360x720_30_800kbps_.mp4,46.378,2.833,720,360,2160,1080,30,800kbps,PGA2_1,360p,69.362
PGA2_1_480x960_30_800kbps_.mp4,51.575,2.833,960,480,2160,1080,30,800kbps,PGA2_1,480p,74.559
PGA2_1_540x1080_30_800kbps_.mp4,50.418,2.833,1080,540,2160,1080,30,800kbps,PGA2_1,540p,73.402
PGA2_1_720x1440_30_800kbps_.mp4,43.665,2.833,1440,720,2160,1080,30,800kbps,PGA2_1,720p,66.649
PGA2_1_360x720_30_pristine_.mp4,66.202,2.833,720,360,2160,1080,30,pristine,PGA2_1,360p,89.186
PGA2_1_480x960_30_pristine_.mp4,80.49,2.833,960,480,2160,1080,30,pristine,PGA2_1,480p,103.474
PGA2_1_540x1080_30_pristine_.mp4,78.99,2.833,1080,540,2160,1080,30,pristine,PGA2_1,540p,101.974
PGA2_1_720x1440_30_pristine_.mp4,77.016,2.833,1440,720,2160,1080,30,pristine,PGA2_1,720p,100.0
pvz_1_640x360_30_250kbps_.mp4,40.018,2.411,360,640,1036,1840,30,250kbps,pvz_1,360p,57.026
pvz_1_852x480_30_250kbps_.mp4,43.473,2.411,480,852,1036,1838,30,250kbps,pvz_1,480p,60.481
pvz_1_960x540_30_250kbps_.mp4,35.788,2.411,540,960,1036,1840,30,250kbps,pvz_1,540p,52.796
pvz_1_1280x720_30_250kbps_.mp4,38.855,2.411,720,1280,1036,1840,30,250kbps,pvz_1,720p,55.863
pvz_1_640x360_30_2mbps_.mp4,66.395,2.411,360,640,1036,1840,30,2mbps,pvz_1,360p,83.403
pvz_1_852x480_30_2mbps_.mp4,76.08,2.411,480,852,1036,1838,30,2mbps,pvz_1,480p,93.088
pvz_1_960x540_30_2mbps_.mp4,76.089,2.411,540,960,1036,1840,30,2mbps,pvz_1,540p,93.097
pvz_1_1280x720_30_2mbps_.mp4,75.086,2.411,720,1280,1036,1840,30,2mbps,pvz_1,720p,92.094
pvz_1_640x360_30_500kbps_.mp4,51.353,2.411,360,640,1036,1840,30,500kbps,pvz_1,360p,68.361
pvz_1_852x480_30_500kbps_.mp4,51.536,2.411,480,852,1036,1838,30,500kbps,pvz_1,480p,68.544
pvz_1_960x540_30_500kbps_.mp4,56.683,2.411,540,960,1036,1840,30,500kbps,pvz_1,540p,73.691
pvz_1_1280x720_30_500kbps_.mp4,52.562,2.411,720,1280,1036,1840,30,500kbps,pvz_1,720p,69.57
pvz_1_640x360_30_800kbps_.mp4,60.033,2.411,360,640,1036,1840,30,800kbps,pvz_1,360p,77.041
pvz_1_852x480_30_800kbps_.mp4,66.285,2.411,480,852,1036,1838,30,800kbps,pvz_1,480p,83.293
pvz_1_960x540_30_800kbps_.mp4,65.258,2.411,540,960,1036,1840,30,800kbps,pvz_1,540p,82.266
pvz_1_1280x720_30_800kbps_.mp4,58.636,2.411,720,1280,1036,1840,30,800kbps,pvz_1,720p,75.644
pvz_1_640x360_30_pristine_.mp4,69.46,2.411,360,640,1036,1840,30,pristine,pvz_1,360p,86.468
pvz_1_852x480_30_pristine_.mp4,77.193,2.411,480,852,1036,1838,30,pristine,pvz_1,480p,94.201
pvz_1_960x540_30_pristine_.mp4,76.894,2.411,540,960,1036,1840,30,pristine,pvz_1,540p,93.902
pvz_1_1280x720_30_pristine_.mp4,82.992,2.411,720,1280,1036,1840,30,pristine,pvz_1,720p,100.0
pvz_2_640x360_30_250kbps_.mp4,48.919,2.38,360,640,1036,1840,30,250kbps,pvz_2,360p,75.527
pvz_2_852x480_30_250kbps_.mp4,59.89,2.38,480,852,1036,1838,30,250kbps,pvz_2,480p,86.498
pvz_2_960x540_30_250kbps_.mp4,57.024,2.38,540,960,1036,1840,30,250kbps,pvz_2,540p,83.632
pvz_2_1280x720_30_250kbps_.mp4,54.906,2.38,720,1280,1036,1840,30,250kbps,pvz_2,720p,81.514
pvz_2_640x360_30_2mbps_.mp4,66.101,2.38,360,640,1036,1840,30,2mbps,pvz_2,360p,92.709
pvz_2_852x480_30_2mbps_.mp4,70.707,2.38,480,852,1036,1838,30,2mbps,pvz_2,480p,97.315
pvz_2_960x540_30_2mbps_.mp4,72.274,2.38,540,960,1036,1840,30,2mbps,pvz_2,540p,98.882
pvz_2_1280x720_30_2mbps_.mp4,77.432,2.38,720,1280,1036,1840,30,2mbps,pvz_2,720p,104.04
pvz_2_640x360_30_500kbps_.mp4,56.955,2.38,360,640,1036,1840,30,500kbps,pvz_2,360p,83.563
pvz_2_852x480_30_500kbps_.mp4,67.68,2.38,480,852,1036,1838,30,500kbps,pvz_2,480p,94.288
pvz_2_960x540_30_500kbps_.mp4,71.346,2.38,540,960,1036,1840,30,500kbps,pvz_2,540p,97.954
pvz_2_1280x720_30_500kbps_.mp4,66.397,2.38,720,1280,1036,1840,30,500kbps,pvz_2,720p,93.005
pvz_2_640x360_30_800kbps_.mp4,60.63,2.38,360,640,1036,1840,30,800kbps,pvz_2,360p,87.238
pvz_2_852x480_30_800kbps_.mp4,69.068,2.38,480,852,1036,1838,30,800kbps,pvz_2,480p,95.676
pvz_2_960x540_30_800kbps_.mp4,69.151,2.38,540,960,1036,1840,30,800kbps,pvz_2,540p,95.759
pvz_2_1280x720_30_800kbps_.mp4,75.75,2.38,720,1280,1036,1840,30,800kbps,pvz_2,720p,102.358
pvz_2_640x360_30_pristine_.mp4,60.762,2.38,360,640,1036,1840,30,pristine,pvz_2,360p,87.37
pvz_2_852x480_30_pristine_.mp4,68.396,2.38,480,852,1036,1838,30,pristine,pvz_2,480p,95.004
pvz_2_960x540_30_pristine_.mp4,73.524,2.38,540,960,1036,1840,30,pristine,pvz_2,540p,100.132
pvz_2_1280x720_30_pristine_.mp4,73.392,2.38,720,1280,1036,1840,30,pristine,pvz_2,720p,100.0
sat_1_832x360_30_250kbps_.mp4,34.625,2.473,360,832,952,2204,30,250kbps,sat_1,360p,53.345
sat_1_1108x480_30_250kbps_.mp4,33.908,2.473,480,1108,954,2204,30,250kbps,sat_1,480p,52.628
sat_1_1248x540_30_250kbps_.mp4,32.981,2.473,540,1248,952,2204,30,250kbps,sat_1,540p,51.701
sat_1_1664x720_30_250kbps_.mp4,30.483,2.473,720,1664,952,2204,30,250kbps,sat_1,720p,49.203
sat_1_832x360_30_2mbps_.mp4,68.123,2.473,360,832,952,2204,30,2mbps,sat_1,360p,86.843
sat_1_1108x480_30_2mbps_.mp4,72.006,2.473,480,1108,954,2204,30,2mbps,sat_1,480p,90.726
sat_1_1248x540_30_2mbps_.mp4,72.167,2.473,540,1248,952,2204,30,2mbps,sat_1,540p,90.887
sat_1_1664x720_30_2mbps_.mp4,79.088,2.473,720,1664,952,2204,30,2mbps,sat_1,720p,97.808
sat_1_832x360_30_500kbps_.mp4,44.547,2.473,360,832,952,2204,30,500kbps,sat_1,360p,63.267
sat_1_1108x480_30_500kbps_.mp4,48.699,2.473,480,1108,954,2204,30,500kbps,sat_1,480p,67.419
sat_1_1248x540_30_500kbps_.mp4,45.817,2.473,540,1248,952,2204,30,500kbps,sat_1,540p,64.537
sat_1_1664x720_30_500kbps_.mp4,43.249,2.473,720,1664,952,2204,30,500kbps,sat_1,720p,61.969
sat_1_832x360_30_800kbps_.mp4,61.283,2.473,360,832,952,2204,30,800kbps,sat_1,360p,80.003
sat_1_1108x480_30_800kbps_.mp4,63.195,2.473,480,1108,954,2204,30,800kbps,sat_1,480p,81.915
sat_1_1248x540_30_800kbps_.mp4,59.959,2.473,540,1248,952,2204,30,800kbps,sat_1,540p,78.679
sat_1_1664x720_30_800kbps_.mp4,57.471,2.473,720,1664,952,2204,30,800kbps,sat_1,720p,76.191
sat_1_832x360_30_pristine_.mp4,75.89,2.473,360,832,952,2204,30,pristine,sat_1,360p,94.61
sat_1_1108x480_30_pristine_.mp4,75.664,2.473,480,1108,954,2204,30,pristine,sat_1,480p,94.384
sat_1_1248x540_30_pristine_.mp4,75.304,2.473,540,1248,952,2204,30,pristine,sat_1,540p,94.024
sat_1_1664x720_30_pristine_.mp4,81.28,2.473,720,1664,952,2204,30,pristine,sat_1,720p,100.0
sat_2_832x360_30_250kbps_.mp4,36.391,2.554,360,832,952,2204,30,250kbps,sat_2,360p,56.501
sat_2_1108x480_30_250kbps_.mp4,32.212,2.554,480,1108,954,2204,30,250kbps,sat_2,480p,52.322
sat_2_1248x540_30_250kbps_.mp4,32.855,2.554,540,1248,952,2204,30,250kbps,sat_2,540p,52.965
sat_2_1664x720_30_250kbps_.mp4,30.712,2.554,720,1664,952,2204,30,250kbps,sat_2,720p,50.822
sat_2_832x360_30_2mbps_.mp4,69.189,2.554,360,832,952,2204,30,2mbps,sat_2,360p,89.299
sat_2_1108x480_30_2mbps_.mp4,75.412,2.554,480,1108,954,2204,30,2mbps,sat_2,480p,95.522
sat_2_1248x540_30_2mbps_.mp4,76.191,2.554,540,1248,952,2204,30,2mbps,sat_2,540p,96.301
sat_2_1664x720_30_2mbps_.mp4,77.837,2.554,720,1664,952,2204,30,2mbps,sat_2,720p,97.947
sat_2_832x360_30_500kbps_.mp4,53.088,2.554,360,832,952,2204,30,500kbps,sat_2,360p,73.198
sat_2_1108x480_30_500kbps_.mp4,54.424,2.554,480,1108,954,2204,30,500kbps,sat_2,480p,74.534
sat_2_1248x540_30_500kbps_.mp4,53.159,2.554,540,1248,952,2204,30,500kbps,sat_2,540p,73.269
sat_2_1664x720_30_500kbps_.mp4,42.953,2.554,720,1664,952,2204,30,500kbps,sat_2,720p,63.063
sat_2_832x360_30_800kbps_.mp4,60.38,2.554,360,832,952,2204,30,800kbps,sat_2,360p,80.49
sat_2_1108x480_30_800kbps_.mp4,62.258,2.554,480,1108,954,2204,30,800kbps,sat_2,480p,82.368
sat_2_1248x540_30_800kbps_.mp4,60.817,2.554,540,1248,952,2204,30,800kbps,sat_2,540p,80.927
sat_2_1664x720_30_800kbps_.mp4,58.837,2.554,720,1664,952,2204,30,800kbps,sat_2,720p,78.947
sat_2_832x360_30_pristine_.mp4,66.564,2.554,360,832,952,2204,30,pristine,sat_2,360p,86.674
sat_2_1108x480_30_pristine_.mp4,79.211,2.554,480,1108,954,2204,30,pristine,sat_2,480p,99.321
sat_2_1248x540_30_pristine_.mp4,77.871,2.554,540,1248,952,2204,30,pristine,sat_2,540p,97.981
sat_2_1664x720_30_pristine_.mp4,79.89,2.554,720,1664,952,2204,30,pristine,sat_2,720p,100.0
sonic_1_360x640_30_250kbps_.mp4,12.353,2.427,640,360,1920,1080,30,250kbps,sonic_1,360p,27.227
sonic_1_480x852_30_250kbps_.mp4,14.473,2.427,852,480,1916,1080,30,250kbps,sonic_1,480p,29.347
sonic_1_540x960_30_250kbps_.mp4,17.424,2.427,960,540,1920,1080,30,250kbps,sonic_1,540p,32.298
sonic_1_720x1280_30_250kbps_.mp4,24.644,2.427,1280,720,1920,1080,30,250kbps,sonic_1,720p,39.518
sonic_1_360x640_30_2mbps_.mp4,60.851,2.427,640,360,1920,1080,30,2mbps,sonic_1,360p,75.725
sonic_1_480x852_30_2mbps_.mp4,66.434,2.427,852,480,1916,1080,30,2mbps,sonic_1,480p,81.308
sonic_1_540x960_30_2mbps_.mp4,65.573,2.427,960,540,1920,1080,30,2mbps,sonic_1,540p,80.447
sonic_1_720x1280_30_2mbps_.mp4,61.24,2.427,1280,720,1920,1080,30,2mbps,sonic_1,720p,76.114
sonic_1_360x640_30_500kbps_.mp4,36.355,2.427,640,360,1920,1080,30,500kbps,sonic_1,360p,51.229
sonic_1_480x852_30_500kbps_.mp4,29.685,2.427,852,480,1916,1080,30,500kbps,sonic_1,480p,44.559
sonic_1_540x960_30_500kbps_.mp4,25.489,2.427,960,540,1920,1080,30,500kbps,sonic_1,540p,40.363
sonic_1_720x1280_30_500kbps_.mp4,26.705,2.427,1280,720,1920,1080,30,500kbps,sonic_1,720p,41.579
sonic_1_360x640_30_800kbps_.mp4,45.701,2.427,640,360,1920,1080,30,800kbps,sonic_1,360p,60.575
sonic_1_480x852_30_800kbps_.mp4,47.209,2.427,852,480,1916,1080,30,800kbps,sonic_1,480p,62.083
sonic_1_540x960_30_800kbps_.mp4,40.11,2.427,960,540,1920,1080,30,800kbps,sonic_1,540p,54.984
sonic_1_720x1280_30_800kbps_.mp4,31.025,2.427,1280,720,1920,1080,30,800kbps,sonic_1,720p,45.899
sonic_1_360x640_30_pristine_.mp4,69.623,2.427,640,360,1920,1080,30,pristine,sonic_1,360p,84.497
sonic_1_480x852_30_pristine_.mp4,77.059,2.427,852,480,1916,1080,30,pristine,sonic_1,480p,91.933
sonic_1_540x960_30_pristine_.mp4,83.131,2.427,960,540,1920,1080,30,pristine,sonic_1,540p,98.005
sonic_1_720x1280_30_pristine_.mp4,85.126,2.427,1280,720,1920,1080,30,pristine,sonic_1,720p,100.0
sonic_2_360x640_30_250kbps_.mp4,16.365,2.917,640,360,1920,1080,30,250kbps,sonic_2,360p,34.912
sonic_2_480x852_30_250kbps_.mp4,15.173,2.917,852,480,1916,1080,30,250kbps,sonic_2,480p,33.72
sonic_2_540x960_30_250kbps_.mp4,16.17,2.917,960,540,1920,1080,30,250kbps,sonic_2,540p,34.717
sonic_2_720x1280_30_250kbps_.mp4,22.377,2.917,1280,720,1920,1080,30,250kbps,sonic_2,720p,40.924
sonic_2_360x640_30_2mbps_.mp4,61.651,2.917,640,360,1920,1080,30,2mbps,sonic_2,360p,80.198
sonic_2_480x852_30_2mbps_.mp4,65.379,2.917,852,480,1916,1080,30,2mbps,sonic_2,480p,83.926
sonic_2_540x960_30_2mbps_.mp4,64.552,2.917,960,540,1920,1080,30,2mbps,sonic_2,540p,83.099
sonic_2_720x1280_30_2mbps_.mp4,64.984,2.917,1280,720,1920,1080,30,2mbps,sonic_2,720p,83.531
sonic_2_360x640_30_500kbps_.mp4,37.222,2.917,640,360,1920,1080,30,500kbps,sonic_2,360p,55.769
sonic_2_480x852_30_500kbps_.mp4,31.844,2.917,852,480,1916,1080,30,500kbps,sonic_2,480p,50.391
sonic_2_540x960_30_500kbps_.mp4,33.63,2.917,960,540,1920,1080,30,500kbps,sonic_2,540p,52.177
sonic_2_720x1280_30_500kbps_.mp4,33.747,2.917,1280,720,1920,1080,30,500kbps,sonic_2,720p,52.294
sonic_2_360x640_30_800kbps_.mp4,53.312,2.917,640,360,1920,1080,30,800kbps,sonic_2,360p,71.859
sonic_2_480x852_30_800kbps_.mp4,49.103,2.917,852,480,1916,1080,30,800kbps,sonic_2,480p,67.65
sonic_2_540x960_30_800kbps_.mp4,43.488,2.917,960,540,1920,1080,30,800kbps,sonic_2,540p,62.035
sonic_2_720x1280_30_800kbps_.mp4,37.962,2.917,1280,720,1920,1080,30,800kbps,sonic_2,720p,56.509
sonic_2_360x640_30_pristine_.mp4,68.957,2.917,640,360,1920,1080,30,pristine,sonic_2,360p,87.504
sonic_2_480x852_30_pristine_.mp4,77.173,2.917,852,480,1916,1080,30,pristine,sonic_2,480p,95.72
sonic_2_540x960_30_pristine_.mp4,76.274,2.917,960,540,1920,1080,30,pristine,sonic_2,540p,94.821
sonic_2_720x1280_30_pristine_.mp4,81.453,2.917,1280,720,1920,1080,30,pristine,sonic_2,720p,100.0
stateofsurvival_1_832x360_30_250kbps_.mp4,52.174,2.023,360,832,952,2204,30,250kbps,stateofsurvival_1,360p,71.677
stateofsurvival_1_1108x480_30_250kbps_.mp4,44.655,2.023,480,1108,954,2204,30,250kbps,stateofsurvival_1,480p,64.158
stateofsurvival_1_1248x540_30_250kbps_.mp4,47.221,2.023,540,1248,952,2204,30,250kbps,stateofsurvival_1,540p,66.724
stateofsurvival_1_1664x720_30_250kbps_.mp4,37.061,2.023,720,1664,952,2204,30,250kbps,stateofsurvival_1,720p,56.564
stateofsurvival_1_832x360_30_2mbps_.mp4,64.391,2.023,360,832,952,2204,30,2mbps,stateofsurvival_1,360p,83.894
stateofsurvival_1_1108x480_30_2mbps_.mp4,75.875,2.023,480,1108,954,2204,30,2mbps,stateofsurvival_1,480p,95.378
stateofsurvival_1_1248x540_30_2mbps_.mp4,74.716,2.023,540,1248,952,2204,30,2mbps,stateofsurvival_1,540p,94.219
stateofsurvival_1_1664x720_30_2mbps_.mp4,76.302,2.023,720,1664,952,2204,30,2mbps,stateofsurvival_1,720p,95.805
stateofsurvival_1_832x360_30_500kbps_.mp4,60.795,2.023,360,832,952,2204,30,500kbps,stateofsurvival_1,360p,80.298
stateofsurvival_1_1108x480_30_500kbps_.mp4,64.191,2.023,480,1108,954,2204,30,500kbps,stateofsurvival_1,480p,83.694
stateofsurvival_1_1248x540_30_500kbps_.mp4,68.998,2.023,540,1248,952,2204,30,500kbps,stateofsurvival_1,540p,88.501
stateofsurvival_1_1664x720_30_500kbps_.mp4,59.314,2.023,720,1664,952,2204,30,500kbps,stateofsurvival_1,720p,78.817
stateofsurvival_1_832x360_30_800kbps_.mp4,64.334,2.023,360,832,952,2204,30,800kbps,stateofsurvival_1,360p,83.837
stateofsurvival_1_1108x480_30_800kbps_.mp4,69.766,2.023,480,1108,954,2204,30,800kbps,stateofsurvival_1,480p,89.269
stateofsurvival_1_1248x540_30_800kbps_.mp4,73.324,2.023,540,1248,952,2204,30,800kbps,stateofsurvival_1,540p,92.827
stateofsurvival_1_1664x720_30_800kbps_.mp4,70.082,2.023,720,1664,952,2204,30,800kbps,stateofsurvival_1,720p,89.585
stateofsurvival_1_832x360_30_pristine_.mp4,67.606,2.023,360,832,952,2204,30,pristine,stateofsurvival_1,360p,87.109
stateofsurvival_1_1108x480_30_pristine_.mp4,75.48,2.023,480,1108,954,2204,30,pristine,stateofsurvival_1,480p,94.983
stateofsurvival_1_1248x540_30_pristine_.mp4,76.24,2.023,540,1248,952,2204,30,pristine,stateofsurvival_1,540p,95.743
stateofsurvival_1_1664x720_30_pristine_.mp4,80.497,2.023,720,1664,952,2204,30,pristine,stateofsurvival_1,720p,100.0
stateofsurvival_2_832x360_30_250kbps_.mp4,31.661,2.458,360,832,952,2204,30,250kbps,stateofsurvival_2,360p,49.838
stateofsurvival_2_1108x480_30_250kbps_.mp4,29.599,2.458,480,1108,954,2204,30,250kbps,stateofsurvival_2,480p,47.776
stateofsurvival_2_1248x540_30_250kbps_.mp4,26.196,2.458,540,1248,952,2204,30,250kbps,stateofsurvival_2,540p,44.373
stateofsurvival_2_1664x720_30_250kbps_.mp4,24.734,2.458,720,1664,952,2204,30,250kbps,stateofsurvival_2,720p,42.911
stateofsurvival_2_832x360_30_2mbps_.mp4,73.906,2.458,360,832,952,2204,30,2mbps,stateofsurvival_2,360p,92.083
stateofsurvival_2_1108x480_30_2mbps_.mp4,75.998,2.458,480,1108,954,2204,30,2mbps,stateofsurvival_2,480p,94.175
stateofsurvival_2_1248x540_30_2mbps_.mp4,74.515,2.458,540,1248,952,2204,30,2mbps,stateofsurvival_2,540p,92.692
stateofsurvival_2_1664x720_30_2mbps_.mp4,73.148,2.458,720,1664,952,2204,30,2mbps,stateofsurvival_2,720p,91.325
stateofsurvival_2_832x360_30_500kbps_.mp4,52.317,2.458,360,832,952,2204,30,500kbps,stateofsurvival_2,360p,70.494
stateofsurvival_2_1108x480_30_500kbps_.mp4,49.849,2.458,480,1108,954,2204,30,500kbps,stateofsurvival_2,480p,68.026
stateofsurvival_2_1248x540_30_500kbps_.mp4,46.119,2.458,540,1248,952,2204,30,500kbps,stateofsurvival_2,540p,64.296
stateofsurvival_2_1664x720_30_500kbps_.mp4,43.868,2.458,720,1664,952,2204,30,500kbps,stateofsurvival_2,720p,62.045
stateofsurvival_2_832x360_30_800kbps_.mp4,61.602,2.458,360,832,952,2204,30,800kbps,stateofsurvival_2,360p,79.779
stateofsurvival_2_1108x480_30_800kbps_.mp4,55.58,2.458,480,1108,954,2204,30,800kbps,stateofsurvival_2,480p,73.757
stateofsurvival_2_1248x540_30_800kbps_.mp4,60.15,2.458,540,1248,952,2204,30,800kbps,stateofsurvival_2,540p,78.327
stateofsurvival_2_1664x720_30_800kbps_.mp4,49.966,2.458,720,1664,952,2204,30,800kbps,stateofsurvival_2,720p,68.143
stateofsurvival_2_832x360_30_pristine_.mp4,73.973,2.458,360,832,952,2204,30,pristine,stateofsurvival_2,360p,92.15
stateofsurvival_2_1108x480_30_pristine_.mp4,83.574,2.458,480,1108,954,2204,30,pristine,stateofsurvival_2,480p,101.751
stateofsurvival_2_1248x540_30_pristine_.mp4,81.462,2.458,540,1248,952,2204,30,pristine,stateofsurvival_2,540p,99.639
stateofsurvival_2_1664x720_30_pristine_.mp4,81.823,2.458,720,1664,952,2204,30,pristine,stateofsurvival_2,720p,100.0
wwe_1_360x720_30_250kbps_.mp4,48.631,2.643,720,360,2160,1080,30,250kbps,wwe_1,360p,65.401
wwe_1_480x960_30_250kbps_.mp4,46.09,2.643,960,480,2160,1080,30,250kbps,wwe_1,480p,62.86
wwe_1_540x1080_30_250kbps_.mp4,41.644,2.643,1080,540,2160,1080,30,250kbps,wwe_1,540p,58.414
wwe_1_720x1440_30_250kbps_.mp4,41.524,2.643,1440,720,2160,1080,30,250kbps,wwe_1,720p,58.294
wwe_1_360x720_30_2mbps_.mp4,64.407,2.643,720,360,2160,1080,30,2mbps,wwe_1,360p,81.177
wwe_1_480x960_30_2mbps_.mp4,73.557,2.643,960,480,2160,1080,30,2mbps,wwe_1,480p,90.327
wwe_1_540x1080_30_2mbps_.mp4,75.495,2.643,1080,540,2160,1080,30,2mbps,wwe_1,540p,92.265
wwe_1_720x1440_30_2mbps_.mp4,81.773,2.643,1440,720,2160,1080,30,2mbps,wwe_1,720p,98.543
wwe_1_360x720_30_500kbps_.mp4,58.005,2.643,720,360,2160,1080,30,500kbps,wwe_1,360p,74.775
wwe_1_480x960_30_500kbps_.mp4,60.385,2.643,960,480,2160,1080,30,500kbps,wwe_1,480p,77.155
wwe_1_540x1080_30_500kbps_.mp4,60.911,2.643,1080,540,2160,1080,30,500kbps,wwe_1,540p,77.681
wwe_1_720x1440_30_500kbps_.mp4,57.797,2.643,1440,720,2160,1080,30,500kbps,wwe_1,720p,74.567
wwe_1_360x720_30_800kbps_.mp4,62.62,2.643,720,360,2160,1080,30,800kbps,wwe_1,360p,79.39
wwe_1_480x960_30_800kbps_.mp4,67.973,2.643,960,480,2160,1080,30,800kbps,wwe_1,480p,84.743
wwe_1_540x1080_30_800kbps_.mp4,69.442,2.643,1080,540,2160,1080,30,800kbps,wwe_1,540p,86.212
wwe_1_720x1440_30_800kbps_.mp4,77.739,2.643,1440,720,2160,1080,30,800kbps,wwe_1,720p,94.509
wwe_1_360x720_30_pristine_.mp4,65.831,2.643,720,360,2160,1080,30,pristine,wwe_1,360p,82.601
wwe_1_480x960_30_pristine_.mp4,72.259,2.643,960,480,2160,1080,30,pristine,wwe_1,480p,89.029
wwe_1_540x1080_30_pristine_.mp4,76.299,2.643,1080,540,2160,1080,30,pristine,wwe_1,540p,93.069
wwe_1_720x1440_30_pristine_.mp4,83.23,2.643,1440,720,2160,1080,30,pristine,wwe_1,720p,100.0
wwe_2_360x720_30_250kbps_.mp4,31.401,2.25,720,360,2160,1080,30,250kbps,wwe_2,360p,48.78
wwe_2_480x960_30_250kbps_.mp4,27.625,2.25,960,480,2160,1080,30,250kbps,wwe_2,480p,45.004
wwe_2_540x1080_30_250kbps_.mp4,30.071,2.25,1080,540,2160,1080,30,250kbps,wwe_2,540p,47.45
wwe_2_720x1440_30_250kbps_.mp4,26.439,2.25,1440,720,2160,1080,30,250kbps,wwe_2,720p,43.818
wwe_2_360x720_30_2mbps_.mp4,60.958,2.25,720,360,2160,1080,30,2mbps,wwe_2,360p,78.337
wwe_2_480x960_30_2mbps_.mp4,68.429,2.25,960,480,2160,1080,30,2mbps,wwe_2,480p,85.808
wwe_2_540x1080_30_2mbps_.mp4,69.458,2.25,1080,540,2160,1080,30,2mbps,wwe_2,540p,86.837
wwe_2_720x1440_30_2mbps_.mp4,75.252,2.25,1440,720,2160,1080,30,2mbps,wwe_2,720p,92.631
wwe_2_360x720_30_500kbps_.mp4,45.599,2.25,720,360,2160,1080,30,500kbps,wwe_2,360p,62.978
wwe_2_480x960_30_500kbps_.mp4,48.403,2.25,960,480,2160,1080,30,500kbps,wwe_2,480p,65.782
wwe_2_540x1080_30_500kbps_.mp4,40.947,2.25,1080,540,2160,1080,30,500kbps,wwe_2,540p,58.326
wwe_2_720x1440_30_500kbps_.mp4,34.394,2.25,1440,720,2160,1080,30,500kbps,wwe_2,720p,51.773
wwe_2_360x720_30_800kbps_.mp4,52.078,2.25,720,360,2160,1080,30,800kbps,wwe_2,360p,69.457
wwe_2_480x960_30_800kbps_.mp4,56.249,2.25,960,480,2160,1080,30,800kbps,wwe_2,480p,73.628
wwe_2_540x1080_30_800kbps_.mp4,58.203,2.25,1080,540,2160,1080,30,800kbps,wwe_2,540p,75.582
wwe_2_720x1440_30_800kbps_.mp4,48.987,2.25,1440,720,2160,1080,30,800kbps,wwe_2,720p,66.366
wwe_2_360x720_30_pristine_.mp4,67.685,2.25,720,360,2160,1080,30,pristine,wwe_2,360p,85.064
wwe_2_480x960_30_pristine_.mp4,75.961,2.25,960,480,2160,1080,30,pristine,wwe_2,480p,93.34
wwe_2_540x1080_30_pristine_.mp4,75.992,2.25,1080,540,2160,1080,30,pristine,wwe_2,540p,93.371
wwe_2_720x1440_30_pristine_.mp4,82.621,2.25,1440,720,2160,1080,30,pristine,wwe_2,720p,100.0
wwe_3_360x720_30_250kbps_.mp4,31.517,2.288,720,360,2160,1080,30,250kbps,wwe_3,360p,51.326
wwe_3_480x960_30_250kbps_.mp4,29.025,2.288,960,480,2160,1080,30,250kbps,wwe_3,480p,48.834
wwe_3_540x1080_30_250kbps_.mp4,29.934,2.288,1080,540,2160,1080,30,250kbps,wwe_3,540p,49.743
wwe_3_720x1440_30_250kbps_.mp4,28.937,2.288,1440,720,2160,1080,30,250kbps,wwe_3,720p,48.746
wwe_3_360x720_30_2mbps_.mp4,64.197,2.288,720,360,2160,1080,30,2mbps,wwe_3,360p,84.006
wwe_3_480x960_30_2mbps_.mp4,73.514,2.288,960,480,2160,1080,30,2mbps,wwe_3,480p,93.323
wwe_3_540x1080_30_2mbps_.mp4,73.894,2.288,1080,540,2160,1080,30,2mbps,wwe_3,540p,93.703
wwe_3_720x1440_30_2mbps_.mp4,78.375,2.288,1440,720,2160,1080,30,2mbps,wwe_3,720p,98.184
wwe_3_360x720_30_500kbps_.mp4,43.171,2.288,720,360,2160,1080,30,500kbps,wwe_3,360p,62.98
wwe_3_480x960_30_500kbps_.mp4,46.275,2.288,960,480,2160,1080,30,500kbps,wwe_3,480p,66.084
wwe_3_540x1080_30_500kbps_.mp4,45.233,2.288,1080,540,2160,1080,30,500kbps,wwe_3,540p,65.042
wwe_3_720x1440_30_500kbps_.mp4,35.563,2.288,1440,720,2160,1080,30,500kbps,wwe_3,720p,55.372
wwe_3_360x720_30_800kbps_.mp4,56.304,2.288,720,360,2160,1080,30,800kbps,wwe_3,360p,76.113
wwe_3_480x960_30_800kbps_.mp4,55.333,2.288,960,480,2160,1080,30,800kbps,wwe_3,480p,75.142
wwe_3_540x1080_30_800kbps_.mp4,58.023,2.288,1080,540,2160,1080,30,800kbps,wwe_3,540p,77.832
wwe_3_720x1440_30_800kbps_.mp4,52.539,2.288,1440,720,2160,1080,30,800kbps,wwe_3,720p,72.348
wwe_3_360x720_30_pristine_.mp4,64.811,2.288,720,360,2160,1080,30,pristine,wwe_3,360p,84.62
wwe_3_480x960_30_pristine_.mp4,71.568,2.288,960,480,2160,1080,30,pristine,wwe_3,480p,91.377
wwe_3_540x1080_30_pristine_.mp4,80.226,2.288,1080,540,2160,1080,30,pristine,wwe_3,540p,100.035
wwe_3_720x1440_30_pristine_.mp4,80.191,2.288,1440,720,2160,1080,30,pristine,wwe_3,720p,100.0
